,Stock,Slope,Y-intercept,Score
0,AMZN,[1.10484758],-424.40585197869973,0.8204691023769453
1,NVR,[1.47410558],82.81143281555228,0.8856394813133104
